Type,Name,Request Count,Failure Count,Median Response Time,Average Response Time,Min Response Time,Max Response Time,Average Content Size,Requests/s,Failures/s,50%,66%,75%,80%,90%,95%,98%,99%,99.9%,99.99%,100%
GET,/adminlogin.html,6296,5395,35,56.50618361370411,1.1674901470541954,385.67643240094185,326.9988881829733,20.378155072376778,17.46190384616784,35,59,81,97,130,200,270,310,370,390,390
GET,/api/v1/adminorderservice/adminorder,780,780,60000.0,46169.94972608336,0.9424653835594654,60179.98320609331,145.3846153846154,2.52461260426523,2.52461260426523,60000,60000,60000,60000,60000,60000,60000,60000,60000,60000,60000
GET,/api/v1/adminuserservice/users,780,283,41,49.57864820204962,1.088939607143402,360.56089913472533,103372.17692307693,2.52461260426523,0.9159812397526411,41,48,54,60,93,120,180,220,360,360,360
POST,/api/v1/travelservice/trips/left,34258,34258,48,2377.594999846997,0.9890589863061905,60391.39201911166,7.4215073851363185,110.8822802524593,110.8822802524593,48,85,110,120,180,300,60000,60000,60000,60000,60000
POST,/api/v1/users/login,12567,11184,54,74.8087178742399,1.036216039210558,515.8436009660363,37.959258375109414,40.67539307410403,36.19906072577222,54,94,120,130,160,250,300,340,440,510,520
GET,/api/v1/verifycode/generate,41054,38627,41,64.0814990876331,0.8331979624927044,388.95895797759295,73.7486724801481,132.8787767378266,125.02334751917056,41,78,99,110,150,220,290,310,370,390,390
GET,/client_login.html,6286,5683,37,63.09984036790331,0.9721028618514538,386.72748673707247,1174.248011454025,20.345788244116967,18.394068500050388,37,79,100,110,150,210,290,320,370,390,390
GET,/index.html,34805,32406,48,68.47206529592722,0.9523872286081314,388.10878805816174,1249.5064502226692,112.65274575827094,104.88794365874236,48,85,110,120,160,220,280,310,370,390,390
,Aggregated,136826,128616,45,907.7907957477352,0.8331979624927044,60391.39201911166,1004.4277841930627,442.86236434768506,416.28919834638054,45,82,110,120,160,250,330,60000,60000,60000,60000
