Type,Name,Request Count,Failure Count,Median Response Time,Average Response Time,Min Response Time,Max Response Time,Average Content Size,Requests/s,Failures/s,50%,66%,75%,80%,90%,95%,98%,99%,99.9%,99.99%,100%
GET,/adminlogin.html,6253,5284,36,57.71755824457123,1.2495173141360283,390.52367210388184,354.09643371181835,20.211636487959268,17.07952777904634,36,63,87,100,140,190,270,300,350,390,390
GET,/api/v1/adminorderservice/adminorder,833,833,60000.0,43521.50580422475,0.8624298498034477,60175.382379908115,137.0420168067227,2.692514504153218,2.692514504153218,60000,60000,60000,60000,60000,60000,60000,60000,60000,60000,60000
GET,/api/v1/adminuserservice/users,833,363,40,50.24280893087548,0.8748439140617847,357.82115906476974,91536.5906362545,2.692514504153218,1.1733286494689292,40,48,55,60,110,140,190,260,360,360,360
POST,/api/v1/travelservice/trips/left,34238,34238,48,2376.9739925634703,1.0295631363987923,60440.82401599735,7.408990011098779,110.66784104825675,110.66784104825675,48,89,110,120,190,310,60000,60000,60000,60000,60000
POST,/api/v1/users/login,12480,11056,56,77.28827021309348,0.9499033913016319,487.1248551644385,39.21153846153846,40.339232907361534,35.73642299870105,56,98,120,130,170,260,310,340,440,470,490
GET,/api/v1/verifycode/generate,41019,38618,40,64.94950081125424,0.9065112099051476,398.06325174868107,73.24242424242425,132.586137389989,124.82536028978267,40,82,100,110,150,220,290,310,360,380,400
GET,/client_login.html,6242,5645,39,66.64546176909658,0.9559812024235725,382.7734747901559,1170.7588913809677,20.176081074339,18.24639180785704,39,85,100,120,160,240,300,320,350,380,380
GET,/index.html,34807,32279,48,69.35145543831166,0.7958980277180672,397.2526490688324,1316.6197603930243,112.50702562552347,104.33574511351947,48,89,110,120,160,220,280,310,360,390,400
,Aggregated,136705,128316,45,910.7029612061842,0.7958980277180672,60440.82401599735,990.901005815442,441.87298354173544,414.75713219078546,45,86,110,120,160,260,330,60000,60000,60000,60000
