Type,Name,Request Count,Failure Count,Median Response Time,Average Response Time,Min Response Time,Max Response Time,Average Content Size,Requests/s,Failures/s,50%,66%,75%,80%,90%,95%,98%,99%,99.9%,99.99%,100%
GET,/,9149,0,87,159.0516560281697,1.5667721163481474,750.0431130174547,8649.0,29.64991394064371,0.0,87,220,290,330,390,440,510,550,640,750,750
GET,/basket.html,8261,0,100.0,173.7547632594125,1.7753581050783396,819.6627909783274,23388.0,26.77209958068179,0.0,100,240,320,350,420,480,550,590,680,820,820
POST,/cart,51150,0,700.0,928.9919217971067,15.184949850663543,2916.0061629954726,0.0,165.76599607213092,0.0,700,930,1100,2400,2600,2600,2700,2700,2800,2900,2900
GET,/catalogue,9028,0,150.0,275.50898861788573,4.468443104997277,976.1307409498841,2795.0,29.25777932627953,0.0,150,390,520,570,680,750,800,830,920,980,980
GET,/category.html,9030,0,89,161.28996805270364,1.7906511202454567,768.8097900245339,11518.0,29.264260890153317,0.0,89,230,300,330,400,450,510,550,650,770,770
GET,/login,9093,0,690.0,813.2896580638926,44.666280038654804,2351.7976868897676,13.0,29.468430152177643,0.0,690,940,1100,1800,2100,2100,2200,2200,2300,2400,2400
POST,/orders,8150,8150,950.0,994.2169435770519,20.239484030753374,2581.9689200725406,227.0,26.41237278568655,26.41237278568655,950,1300,1500,2000,2200,2300,2300,2400,2500,2600,2600
,Aggregated,103861,8150,350.0,672.536784855682,1.5667721163481474,2916.0061629954726,3885.452941912749,336.59085274775344,26.41237278568655,350,710,900,1000,2400,2500,2700,2700,2800,2800,2900
