Type,Name,Request Count,Failure Count,Median Response Time,Average Response Time,Min Response Time,Max Response Time,Average Content Size,Requests/s,Failures/s,50%,66%,75%,80%,90%,95%,98%,99%,99.9%,99.99%,100%
GET,/,1555,0,5,5.277900301351233,1.4904600102454424,31.877847854048014,8649.0,6.0819087655019635,0.0,5,5,6,6,8,11,13,16,27,32,32
GET,/basket.html,1468,0,5,5.062728090280266,2.012454904615879,26.121136965230107,23388.0,5.74163477026166,0.0,5,5,6,6,7,9,11,13,25,26,26
POST,/cart,8973,0,26,27.19109520412858,16.373360063880682,70.83541108295321,0.0,35.09515585392226,0.0,26,28,29,30,34,38,43,48,63,71,71
GET,/catalogue,1539,0,9,18.13182860865216,4.699178040027618,65.72887604124844,2795.0,6.019329639940528,0.0,9,10,14,48,51,53,55,56,64,66,66
GET,/category.html,1540,0,5,5.346424719500174,1.7698209267109632,25.724870152771473,11518.0,6.023240835288118,0.0,5,6,6,7,8,10,11,13,15,26,26
GET,/login,1555,0,57,57.911780754469596,49.95422880165279,83.07759393937886,13.0,6.0819087655019635,0.0,57,59,60,60,63,66,70,72,80,83,83
POST,/orders,1455,1455,70,67.82821211083777,21.55721909366548,102.7555069886148,227.0,5.690789230742994,5.690789230742994,70,72,73,74,76,79,84,88,99,100,100
,Aggregated,18085,1455,25,26.790498372297122,1.4904600102454424,102.7555069886148,3880.1495161736248,70.73396786115948,5.690789230742994,25,28,32,39,59,69,73,75,87,99,100
