Type,Name,Request Count,Failure Count,Median Response Time,Average Response Time,Min Response Time,Max Response Time,Average Content Size,Requests/s,Failures/s,50%,66%,75%,80%,90%,95%,98%,99%,99.9%,99.99%,100%
GET,/,12437,0,48,51.31036526175099,1.5136529691517353,280.3941019810736,8649.0,40.32028909742591,0.0,48,67,77,84,99,120,150,190,250,280,280
GET,/basket.html,11575,0,55,57.77850195324978,1.893864944577217,299.4428549427539,23388.0,37.52571731950671,0.0,55,75,87,93,110,130,170,210,280,290,300
POST,/cart,71214,0,140.0,136.70257303061533,14.604962896555662,589.2532339785248,0.0,230.8731259776545,0.0,140,180,200,210,240,270,320,350,440,560,590
GET,/catalogue,12306,0,82,87.13705556608092,4.642693093046546,394.41225910559297,2795.0,39.89559199428506,0.0,82,110,130,140,160,190,230,250,330,390,390
GET,/category.html,12315,0,51,53.0456665722586,1.761504914611578,286.27380286343396,11518.0,39.92476965785962,0.0,51,70,80,86,100,120,140,180,270,290,290
GET,/login,12421,0,150.0,155.1559713669346,49.613216891884804,622.635904001072,13.0,40.26841769551558,0.0,150,190,220,230,260,290,330,360,420,620,620
POST,/orders,11438,11438,190.0,195.32151686797994,20.539480028674006,635.0524218287319,227.0,37.081568440649484,37.081568440649484,190,250,270,290,330,360,410,440,530,600,640
,Aggregated,143706,11438,95,117.80243016011651,1.5136529691517353,635.0524218287319,3877.9247352233033,465.8894801828969,37.081568440649484,95,150,180,200,240,280,320,350,450,560,640
