Type,Name,Request Count,Failure Count,Median Response Time,Average Response Time,Min Response Time,Max Response Time,Average Content Size,Requests/s,Failures/s,50%,66%,75%,80%,90%,95%,98%,99%,99.9%,99.99%,100%
GET,/adminlogin.html,6278,5398,37,58.45046242143913,1.153519842773676,363.25773410499096,320.2930869703727,20.29704802715329,17.45196961621113,37,66,90,100,140,180,280,310,350,360,360
GET,/api/v1/adminorderservice/adminorder,805,805,60000.0,43543.722885154086,0.866397749632597,60168.84594038129,137.11304347826086,2.602600137282319,2.602600137282319,60000,60000,60000,60000,60000,60000,60000,60000,60000,60000,60000
GET,/api/v1/adminuserservice/users,805,363,44,56.018877954378446,0.9524468332529068,359.18542416766286,89077.550310559,2.602600137282319,1.1735948445136422,44,51,59,72,120,150,230,290,360,360,360
POST,/api/v1/travelservice/trips/left,33995,33995,54,2431.2933468767615,0.9491629898548126,60431.09241779894,7.625827327548169,109.90731884088503,109.90731884088503,54,94,110,130,190,310,60000,60000,60000,60000,60000
POST,/api/v1/users/login,12515,11139,61,78.30381619696004,1.0197409428656101,485.69791205227375,37.966919696364364,40.46154126470587,36.01287320395994,61,100,120,130,170,260,310,340,460,480,490
GET,/api/v1/verifycode/generate,40780,38361,44,67.67115677101012,0.9496789425611496,368.8961202278733,74.13224619911722,131.84351999797886,124.02278741153671,44,88,110,120,150,240,290,310,350,360,370
GET,/client_login.html,6261,5641,43,67.04693017578036,0.8795647881925106,364.76847529411316,1212.1737741574827,20.242086285123726,18.237599222869022,43,90,110,120,150,240,290,310,360,360,360
GET,/index.html,34567,32239,54,72.17019653307952,1.0095220059156418,368.2031650096178,1220.8749385251829,111.75661980799742,104.23009419359589,54,95,110,130,160,230,290,310,350,360,370
,Aggregated,136006,127941,50,917.3907878746103,0.866397749632597,60431.09241779894,936.5580709674573,439.7133344984088,413.6388374708537,50,92,110,120,170,260,320,60000,60000,60000,60000
