Type,Name,Request Count,Failure Count,Median Response Time,Average Response Time,Min Response Time,Max Response Time,Average Content Size,Requests/s,Failures/s,50%,66%,75%,80%,90%,95%,98%,99%,99.9%,99.99%,100%
GET,/,12707,0,30,36.80105215090456,1.595939975231886,254.4207200407982,8649.0,41.20721453838203,0.0,30,44,54,61,79,93,110,140,220,250,250
GET,/basket.html,11836,0,33,40.84743698453011,1.8624390941113234,269.8179178405553,23388.0,38.38267028222946,0.0,33,50,61,68,88,100,120,140,210,250,270
POST,/cart,72708,0,91,103.46524459699785,16.25523203983903,348.1625549029559,0.0,235.78296644815305,0.0,91,130,150,160,200,230,250,270,320,340,350
GET,/catalogue,12574,0,55,63.19334535147812,4.5055190566927195,285.6972690206021,2795.0,40.77591214335529,0.0,55,76,93,100,130,150,170,190,250,280,290
GET,/category.html,12580,0,32,39.29700607830727,1.5731509774923325,246.76074692979455,11518.0,40.795369394258756,0.0,32,49,59,66,83,96,120,140,210,230,250
GET,/login,12705,0,110.0,123.03072405152173,25.022261077538133,382.4109979905188,13.0,41.20072878808088,0.0,110,140,160,180,210,240,270,290,340,370,380
POST,/orders,11710,11710,140.0,156.53144407360858,20.3857880551368,449.2554229218513,227.0,37.974068013256755,37.974068013256755,140,190,210,230,280,310,340,360,410,450,450
,Aggregated,146820,11710,71,89.62600638932089,1.5731509774923325,449.2554229218513,3879.494047132543,476.1189296077162,37.974068013256755,71,100,130,150,190,220,260,290,350,410,450
