Type,Name,Request Count,Failure Count,Median Response Time,Average Response Time,Min Response Time,Max Response Time,Average Content Size,Requests/s,Failures/s,50%,66%,75%,80%,90%,95%,98%,99%,99.9%,99.99%,100%
GET,/adminlogin.html,115,0,9,9.072645417536082,1.9450709223747253,31.684116926044226,2285.0,0.3730113378280467,0.0,9,10,11,11,14,16,26,30,32,32,32
GET,/api/v1/adminorderservice/adminorder,101,101,60000.89340424165,60006.40628805919,60000.89340424165,60012.48700125143,189.0,0.32760126191854533,0.32760126191854533,60000,60000,60000,60000,60000,60000,60000,60000,60000,60000,60000
GET,/api/v1/adminuserservice/users,101,0,43,43.02010462978984,22.407100070267916,64.32439014315605,162234.0,0.32760126191854533,0.0,43,47,49,51,56,59,61,62,64,64,64
POST,/api/v1/travelservice/trips/left,311,311,60001.9822078757,60006.83981044236,60001.9822078757,60034.25079770386,189.0,1.0087524005610653,1.0087524005610653,60000,60000,60000,60000,60000,60000,60000,60000,60000,60000,60000
POST,/api/v1/users/login,216,0,130.0,135.3867470364397,112.74219257757068,153.53756304830313,339.1296296296296,0.700612599746592,0.0,130,140,140,140,140,150,150,150,150,150,150
GET,/api/v1/verifycode/generate,492,0,6,6.353215274696306,2.9310090467333794,15.012243762612343,1250.408536585366,1.595839810533904,0.0,6,7,7,7,8,8,9,11,15,15,15
GET,/client_login.html,101,0,4,4.463131770048991,1.2131738476455212,8.76597873866558,12241.0,0.32760126191854533,0.0,4,5,6,6,7,7,8,9,9,9,9
GET,/index.html,391,0,4,4.3949903324818065,1.440590713173151,11.216708924621344,18128.0,1.2682385486153587,0.0,4,5,5,5,6,7,8,10,11,11,11
,Aggregated,1828,412,7,13546.335414516398,1.2131738476455212,60034.25079770386,14080.480853391686,5.929258483040603,1.3363536624796106,7,130,140,60000,60000,60000,60000,60000,60000,60000,60000
