Type,Name,Request Count,Failure Count,Median Response Time,Average Response Time,Min Response Time,Max Response Time,Average Content Size,Requests/s,Failures/s,50%,66%,75%,80%,90%,95%,98%,99%,99.9%,99.99%,100%
GET,/adminlogin.html,6235,5330,39,59.255499459815056,1.119478140026331,383.34417436271906,331.663993584603,20.182791293235844,17.25329231643096,39,64,89,100,140,190,270,310,350,380,380
GET,/api/v1/adminorderservice/adminorder,811,811,60000.0,42556.43582175077,0.9002648293972015,60187.27062828839,134.00123304562268,2.6252195250704524,2.6252195250704524,60000,60000,60000,60000,60000,60000,60000,60000,60000,60000,60000
GET,/api/v1/adminuserservice/users,811,322,43,54.043500971292524,1.1208928190171719,343.8041713088751,97820.50061652281,2.6252195250704524,1.042318972962621,43,51,58,67,110,140,180,240,340,340,340
POST,/api/v1/travelservice/trips/left,33980,33980,54,2447.850964738674,0.941180158406496,60366.46587820724,7.6206886403766925,109.99378478655237,109.99378478655237,54,92,110,120,190,310,60000,60000,60000,60000,60000
POST,/api/v1/users/login,12451,11027,60,78.82998638065537,1.0122470557689667,508.6267860606313,39.40093165207614,40.304079293036004,35.69456930080379,60,100,130,130,170,260,310,340,450,510,510
GET,/api/v1/verifycode/generate,40716,38192,45,67.23100813236539,0.8780397474765778,388.23910569772124,77.57206012378427,131.79832081722384,123.62809383661,45,84,110,120,160,230,290,310,360,380,390
GET,/client_login.html,6225,5597,43,65.7862239657905,1.0304469615221024,380.0183511339128,1234.915341365462,20.150421138796013,18.1175754399745,43,83,100,120,150,230,290,310,360,380,380
GET,/index.html,34516,32027,53,72.2776870052756,0.9176679886877537,389.59260331466794,1307.2369915401553,111.72882506452741,103.67189362445299,53,94,110,130,170,230,290,320,360,390,390
,Aggregated,135745,127286,50,918.8381032677574,0.8780397474765778,60366.46587820724,1018.2689749162032,439.4086614435124,412.0267478028577,50,90,110,120,170,260,330,60000,60000,60000,60000
